"9064","Anganwadi","Pretest","109","57","1168"
"433","RCT English","4th Pretest","21","21","215"
"433","Akshara Ganitha","5th Pretest","259",,
"433","Akshara Ganitha","4th Pretest","261",,
"433","Akshara Ganitha","2nd Pretest","261",,
"433","RCT Math","2nd Pretest","21","21","196"
"433","RCT English","1st Pretest","21","21","161"
"433","RCT Math","1st Pretest","21","21","160"
"433","RCT Math","4th Pretest","21","21","217"
"433","RCT English","2nd Pretest","21","21","196"
"433","RCT English","3rd Pretest","21","21","203"
"433","Akshara Ganitha","3rd Pretest","261",,
"433","RCT Math","5th Pretest","20","20","219"
"433","RCT Math","3rd Pretest","21","21","202"
"586","RCT English","3rd Pretest","11","11","81"
"587","Akshara Ganitha","5th Pretest","259",,
"587","RCT Math","4th Pretest","10","10","129"
"587","RCT Math","2nd Pretest","10","10","117"
"586","RCT English","4th Pretest","11","11","87"
"9081","Anganwadi","Pretest","109","57","1168"
"586","RCT English","2nd Pretest","11","11","79"
"587","RCT Math","3rd Pretest","10","10","121"
"587","Akshara Ganitha","2nd Pretest","261",,
"586","RCT Math","4th Pretest","11","11","88"
"587","Akshara Ganitha","4th Pretest","261",,
"586","RCT Math","1st Pretest","11","11","66"
"587","RCT English","4th Pretest","10","10","128"
"587","RCT English","1st Pretest","10","10","95"
"586","RCT English","1st Pretest","11","11","66"
"587","RCT English","3rd Pretest","10","10","122"
"586","RCT Math","3rd Pretest","11","11","81"
"587","Akshara Ganitha","3rd Pretest","261",,
"587","RCT Math","1st Pretest","10","10","94"
"587","RCT Math","5th Pretest","9","9","122"
"586","RCT Math","5th Pretest","11","11","97"
"587","RCT English","2nd Pretest","10","10","117"
"586","RCT Math","2nd Pretest","11","11","79"
"2396","Akshara Ganitha","2nd Pretest","12",,
"2389","RCT English","1st Pretest","10","10","95"
"2385","Akshara Ganitha","4th Pretest","15",,
"2389","RCT English","4th Pretest","10","10","128"
"2396","Akshara Ganitha","5th Pretest","12",,
"2394","Akshara Ganitha","5th Pretest","12",,
"2394","Akshara Ganitha","2nd Pretest","12",,
"9084","Anganwadi","Pretest","32","1","26"
"2386","Akshara Ganitha","4th Pretest","13",,
"9079","Akshara Ganitha","3rd Pretest","11",,
"9092","RCT Math","3rd Pretest","11","11","81"
"2383","Akshara Ganitha","4th Pretest","11",,
"9092","RCT Math","5th Pretest","11","11","97"
"2383","Akshara Ganitha","2nd Pretest","11",,
"2391","Akshara Ganitha","3rd Pretest","13",,
"2383","Akshara Ganitha","5th Pretest","11",,
"2396","Akshara Ganitha","4th Pretest","12",,
"9092","RCT Math","2nd Pretest","11","11","79"
"2385","Akshara Ganitha","2nd Pretest","15",,
"2385","Akshara Ganitha","5th Pretest","15",,
"2386","Akshara Ganitha","5th Pretest","13",,
"9083","Anganwadi","Pretest","26","18","390"
"2394","Akshara Ganitha","4th Pretest","12",,
"2386","Akshara Ganitha","2nd Pretest","13",,
"2387","Akshara Ganitha","5th Pretest","14",,
"9074","Akshara Ganitha","2nd Pretest","11",,
"2390","Akshara Ganitha","3rd Pretest","12",,
"2387","Akshara Ganitha","2nd Pretest","14",,
"2389","RCT English","2nd Pretest","10","10","117"
"9085","Anganwadi","Pretest","22","12","285"
"2389","RCT Math","1st Pretest","10","10","94"
"2392","Akshara Ganitha","2nd Pretest","16",,
"2392","Akshara Ganitha","5th Pretest","16",,
"2389","RCT Math","5th Pretest","9","9","122"
"9080","Akshara Ganitha","4th Pretest","10",,
"2388","Akshara Ganitha","5th Pretest","14",,
"2384","Akshara Ganitha","5th Pretest","15",,
"2384","Akshara Ganitha","2nd Pretest","15",,
"2388","Akshara Ganitha","2nd Pretest","14",,
"9077","Akshara Ganitha","4th Pretest","11",,
"2393","Akshara Ganitha","3rd Pretest","14",,
"9080","Akshara Ganitha","5th Pretest","10",,
"9074","Akshara Ganitha","5th Pretest","10",,
"9080","Akshara Ganitha","2nd Pretest","10",,
"9077","Akshara Ganitha","5th Pretest","11",,
"9078","Akshara Ganitha","3rd Pretest","14",,
"2389","RCT English","3rd Pretest","10","10","122"
"2384","Akshara Ganitha","4th Pretest","15",,
"2388","Akshara Ganitha","4th Pretest","14",,
"9077","Akshara Ganitha","2nd Pretest","11",,
"9074","Akshara Ganitha","4th Pretest","11",,
"2387","Akshara Ganitha","4th Pretest","14",,
"9075","Akshara Ganitha","3rd Pretest","14",,
"2392","Akshara Ganitha","4th Pretest","16",,
"9092","RCT English","1st Pretest","11","11","66"
"9082","Anganwadi","Pretest","29","26","467"
"2389","Akshara Ganitha","3rd Pretest","13",,
"2395","Akshara Ganitha","3rd Pretest","16",,
"9079","Akshara Ganitha","4th Pretest","11",,
"2383","Akshara Ganitha","3rd Pretest","11",,
"2391","Akshara Ganitha","2nd Pretest","13",,
"2391","Akshara Ganitha","5th Pretest","13",,
"2389","RCT Math","2nd Pretest","10","10","117"
"2385","Akshara Ganitha","3rd Pretest","15",,
"2389","RCT Math","3rd Pretest","10","10","121"
"2386","Akshara Ganitha","3rd Pretest","13",,
"2396","Akshara Ganitha","3rd Pretest","12",,
"9075","Akshara Ganitha","5th Pretest","13",,
"9092","RCT Math","4th Pretest","11","11","88"
"2394","Akshara Ganitha","3rd Pretest","12",,
"9079","Akshara Ganitha","2nd Pretest","11",,
"2389","RCT Math","4th Pretest","10","10","129"
"9079","Akshara Ganitha","5th Pretest","11",,
"9092","RCT Math","1st Pretest","11","11","66"
"2391","Akshara Ganitha","4th Pretest","13",,
"9080","Akshara Ganitha","3rd Pretest","10",,
"9078","Akshara Ganitha","2nd Pretest","14",,
"2393","Akshara Ganitha","4th Pretest","14",,
"9077","Akshara Ganitha","3rd Pretest","11",,
"9078","Akshara Ganitha","5th Pretest","14",,
"2390","Akshara Ganitha","4th Pretest","12",,
"9092","RCT English","3rd Pretest","11","11","81"
"9075","Akshara Ganitha","2nd Pretest","14",,
"2389","Akshara Ganitha","5th Pretest","13",,
"2395","Akshara Ganitha","5th Pretest","16",,
"2395","Akshara Ganitha","2nd Pretest","16",,
"2389","Akshara Ganitha","2nd Pretest","13",,
"9092","RCT English","4th Pretest","11","11","87"
"9074","Akshara Ganitha","3rd Pretest","11",,
"2390","Akshara Ganitha","5th Pretest","12",,
"2390","Akshara Ganitha","2nd Pretest","12",,
"2387","Akshara Ganitha","3rd Pretest","14",,
"2392","Akshara Ganitha","3rd Pretest","16",,
"9075","Akshara Ganitha","4th Pretest","14",,
"2395","Akshara Ganitha","4th Pretest","16",,
"2389","Akshara Ganitha","4th Pretest","13",,
"9078","Akshara Ganitha","4th Pretest","14",,
"9092","RCT English","2nd Pretest","11","11","79"
"2393","Akshara Ganitha","5th Pretest","14",,
"2393","Akshara Ganitha","2nd Pretest","14",,
"2388","Akshara Ganitha","3rd Pretest","14",,
"2384","Akshara Ganitha","3rd Pretest","15",,
