"3486186","36605","Anganwadi Class",,"Anganwadi","Pretest","19"
"3486092","36512","Anganwadi Class",,"Anganwadi","Pretest","15"
"3477224","35879","4",,"RCT Math","4th Pretest","8"
"3477218","35879","2",,"RCT Math","2nd Pretest","14"
"3477284","35881","4",,"RCT English","4th Pretest","7"
"3477371","35884","3",,"RCT English","3rd Pretest","5"
"3486445","36181","2",,"RCT English","2nd Pretest","7"
"3477128","35876","2",,"RCT Math","2nd Pretest","10"
"3486467","36174","4",,"RCT Math","4th Pretest","4"
"3485024","36139","4",,"RCT Math","4th Pretest","29"
"3486412","36705","4",,"RCT English","4th Pretest","8"
"3486424","36180","1",,"RCT English","1st Pretest","8"
"3486446","36181","3",,"RCT English","3rd Pretest","4"
"3486455","36176","2",,"RCT English","2nd Pretest","8"
"3486451","36177","3",,"RCT English","3rd Pretest","1"
"3477131","35876","3",,"RCT Math","3rd Pretest","9"
"3486110","36530","Anganwadi Class",,"Anganwadi","Pretest","20"
"3486449","36177","1",,"RCT English","1st Pretest","1"
"3486190","36609","Anganwadi Class",,"Anganwadi","Pretest","16"
"3486094","36514","Anganwadi Class",,"Anganwadi","Pretest","35"
"3485885","36307","Anganwadi Class",,"Anganwadi","Pretest","26"
"3486061","36482","Anganwadi Class",,"Anganwadi","Pretest","26"
"3486221","36634","Anganwadi Class",,"Anganwadi","Pretest","15"
"3486416","36178","3",,"RCT English","3rd Pretest","23"
"3486440","36173","2",,"RCT English","2nd Pretest","2"
"3486192","36611","Anganwadi Class",,"Anganwadi","Pretest","25"
"3477272","35881","1",,"RCT English","1st Pretest","6"
"3477101","35875","3",,"RCT Math","3rd Pretest","28"
"3477308","35882","2",,"RCT Math","2nd Pretest","8"
"3477314","35882","4",,"RCT English","4th Pretest","14"
"3477368","35884","2",,"RCT Math","2nd Pretest","4"
"3486432","36172","4",,"RCT English","4th Pretest","2"
"3486201","36619","Anganwadi Class",,"Anganwadi","Pretest","15"
"3485018","36139","2",,"RCT English","2nd Pretest","23"
"3477302","35882","1",,"RCT English","1st Pretest","7"
"3477311","35882","3",,"RCT English","3rd Pretest","9"
"3486053","36474","Anganwadi Class",,"Anganwadi","Pretest","20"
"3485880","36303","Anganwadi Class",,"Anganwadi","Pretest","20"
"3486055","36476","Anganwadi Class",,"Anganwadi","Pretest","18"
"3486465","36174","2",,"RCT English","2nd Pretest","3"
"3486421","36182","3",,"RCT English","3rd Pretest","11"
"3486229","36641","Anganwadi Class",,"Anganwadi","Pretest","20"
"3486227","36637","Anganwadi Class",,"Anganwadi","Pretest","20"
"3486422","36182","4",,"RCT Math","4th Pretest","7"
"3486444","36181","1",,"RCT English","1st Pretest","5"
"3484982","36138","1",,"RCT Math","1st Pretest","1"
"3484967","36137","5",,"RCT Math","5th Pretest","17"
"3477338","35883","2",,"RCT Math","2nd Pretest","8"
"3477332","35883","1",,"RCT Math","1st Pretest","4"
"3486433","36172","5",,"RCT Math","5th Pretest","8"
"3486460","36175","2",,"RCT English","2nd Pretest","12"
"3486427","36180","4",,"RCT Math","4th Pretest","11"
"3486410","36705","2",,"RCT Math","2nd Pretest","1"
"3477347","35883","5",,"RCT Math","5th Pretest","8"
"3486456","36176","3",,"RCT Math","3rd Pretest","10"
"3477104","35875","4",,"RCT Math","4th Pretest","37"
"3486458","36176","5",,"RCT Math","5th Pretest","3"
"3477092","35875","1",,"RCT Math","1st Pretest","24"
"3477098","35875","2",,"RCT Math","2nd Pretest","24"
"3486205","36622","Anganwadi Class",,"Anganwadi","Pretest","14"
"3486418","36178","5",,"RCT Math","5th Pretest","34"
"3486441","36173","3",,"RCT English","3rd Pretest","2"
"3486411","36705","3",,"RCT English","3rd Pretest","4"
"3486457","36176","4",,"RCT Math","4th Pretest","9"
"3477227","35879","5",,"RCT Math","5th Pretest","14"
"3477374","35884","4",,"RCT English","4th Pretest","5"
"3484994","36138","4",,"RCT English","4th Pretest","3"
"3484964","36137","4",,"RCT English","4th Pretest","11"
"3484952","36137","1",,"RCT Math","1st Pretest","9"
"3486413","36705","5",,"RCT Math","5th Pretest","4"
"3486439","36173","1",,"RCT English","1st Pretest","3"
"3486427","36180","4",,"RCT English","4th Pretest","10"
"3486065","36301","Anganwadi Class",,"Anganwadi","Pretest","13"
"3486198","36616","Anganwadi Class",,"Anganwadi","Pretest","20"
"3486429","36172","1",,"RCT English","1st Pretest","6"
"3486089","36509","Anganwadi Class",,"Anganwadi","Pretest","22"
"3485021","36139","3",,"RCT Math","3rd Pretest","36"
"3486450","36177","2",,"RCT English","2nd Pretest","1"
"3486185","36604","Anganwadi Class",,"Anganwadi","Pretest","20"
"3477122","35876","1",,"RCT Math","1st Pretest","8"
"3486452","36177","4",,"RCT Math","4th Pretest","4"
"3477341","35883","3",,"RCT English","3rd Pretest","9"
"3477344","35883","4",,"RCT English","4th Pretest","7"
"3486454","36176","1",,"RCT English","1st Pretest","3"
"3477221","35879","3",,"RCT English","3rd Pretest","10"
"3486202","36620","Anganwadi Class",,"Anganwadi","Pretest","19"
"3484958","36137","2",,"RCT English","2nd Pretest","15"
"3486447","36181","4",,"RCT Math","4th Pretest","7"
"3486222","36635","Anganwadi Class",,"Anganwadi","Pretest","15"
"3486194","36613","Anganwadi Class",,"Anganwadi","Pretest","22"
"3484988","36138","2",,"RCT Math","2nd Pretest","4"
"3486419","36182","1",,"RCT Math","1st Pretest","11"
"3484991","36138","3",,"RCT Math","3rd Pretest","1"
"3486415","36178","2",,"RCT Math","2nd Pretest","20"
"3477134","35876","4",,"RCT English","4th Pretest","7"
"3486068","36488","Anganwadi Class",,"Anganwadi","Pretest","22"
"3477107","35875","5",,"RCT Math","5th Pretest","26"
"3486064","36485","Anganwadi Class",,"Anganwadi","Pretest","20"
"3486409","36705","1",,"RCT Math","1st Pretest","6"
"3484961","36137","3",,"RCT Math","3rd Pretest","11"
"3486462","36175","4",,"RCT English","4th Pretest","8"
"3486430","36172","2",,"RCT English","2nd Pretest","5"
"3486461","36175","3",,"RCT Math","3rd Pretest","9"
"3486420","36182","2",,"RCT Math","2nd Pretest","12"
"3486073","36492","Anganwadi Class",,"Anganwadi","Pretest","26"
"3486468","36174","5",,"RCT Math","5th Pretest","2"
"3486466","36174","3",,"RCT Math","3rd Pretest","2"
"3486442","36173","4",,"RCT English","4th Pretest","3"
"3486200","36618","Anganwadi Class",,"Anganwadi","Pretest","19"
"3486414","36178","1",,"RCT Math","1st Pretest","14"
"3486459","36175","1",,"RCT English","1st Pretest","8"
"3486417","36178","4",,"RCT English","4th Pretest","25"
"3486426","36180","3",,"RCT English","3rd Pretest","5"
"3477281","35881","3",,"RCT Math","3rd Pretest","3"
"3486464","36174","1",,"RCT English","1st Pretest","1"
"3477278","35881","2",,"RCT Math","2nd Pretest","7"
"3486431","36172","3",,"RCT Math","3rd Pretest","10"
"3477362","35884","1",,"RCT Math","1st Pretest","7"
"3486049","36470","Anganwadi Class",,"Anganwadi","Pretest","33"
"3486101","36521","Anganwadi Class",,"Anganwadi","Pretest","20"
"3477317","35882","5",,"RCT Math","5th Pretest","9"
"3486111","36531","Anganwadi Class",,"Anganwadi","Pretest","21"
"3477212","35879","1",,"RCT Math","1st Pretest","13"
"3486425","36180","2",,"RCT Math","2nd Pretest","8"
"3486410","36705","2",,"RCT English","2nd Pretest","1"
"3477104","35875","4",,"RCT English","4th Pretest","37"
"3486456","36176","3",,"RCT English","3rd Pretest","10"
"3477092","35875","1",,"RCT English","1st Pretest","24"
"3477098","35875","2",,"RCT English","2nd Pretest","24"
"3486123","36543","Anganwadi Class",,"Anganwadi","Pretest","22"
"3486441","36173","3",,"RCT Math","3rd Pretest","2"
"3486422","36182","4",,"RCT English","4th Pretest","7"
"3486444","36181","1",,"RCT Math","1st Pretest","5"
"3486083","36503","Anganwadi Class",,"Anganwadi","Pretest","19"
"3484982","36138","1",,"RCT English","1st Pretest","1"
"3486100","36520","Anganwadi Class",,"Anganwadi","Pretest","28"
"3477338","35883","2",,"RCT English","2nd Pretest","8"
"3486086","36506","Anganwadi Class",,"Anganwadi","Pretest","17"
"3486460","36175","2",,"RCT Math","2nd Pretest","12"
"3477332","35883","1",,"RCT English","1st Pretest","4"
"3486052","36473","Anganwadi Class",,"Anganwadi","Pretest","17"
"3486421","36182","3",,"RCT Math","3rd Pretest","11"
"3486465","36174","2",,"RCT Math","2nd Pretest","3"
"3486188","36607","Anganwadi Class",,"Anganwadi","Pretest","15"
"3477368","35884","2",,"RCT English","2nd Pretest","4"
"3486432","36172","4",,"RCT Math","4th Pretest","2"
"3477302","35882","1",,"RCT Math","1st Pretest","7"
"3485018","36139","2",,"RCT Math","2nd Pretest","23"
"3477311","35882","3",,"RCT Math","3rd Pretest","9"
"3486116","36536","Anganwadi Class",,"Anganwadi","Pretest","20"
"3486113","36533","Anganwadi Class",,"Anganwadi","Pretest","21"
"3486218","36631","Anganwadi Class",,"Anganwadi","Pretest","20"
"3477377","35884","5",,"RCT Math","5th Pretest","6"
"3477272","35881","1",,"RCT Math","1st Pretest","6"
"3486423","36182","5",,"RCT Math","5th Pretest","7"
"3477314","35882","4",,"RCT Math","4th Pretest","14"
"3477308","35882","2",,"RCT English","2nd Pretest","8"
"3486199","36617","Anganwadi Class",,"Anganwadi","Pretest","22"
"3486463","36175","5",,"RCT Math","5th Pretest","12"
"3486191","36610","Anganwadi Class",,"Anganwadi","Pretest","17"
"3486440","36173","2",,"RCT Math","2nd Pretest","2"
"3486416","36178","3",,"RCT Math","3rd Pretest","23"
"3477101","35875","3",,"RCT English","3rd Pretest","29"
"3486069","36489","Anganwadi Class",,"Anganwadi","Pretest","31"
"3486424","36180","1",,"RCT Math","1st Pretest","8"
"3486412","36705","4",,"RCT Math","4th Pretest","8"
"3486446","36181","3",,"RCT Math","3rd Pretest","4"
"3485024","36139","4",,"RCT English","4th Pretest","29"
"3486451","36177","3",,"RCT Math","3rd Pretest","1"
"3477131","35876","3",,"RCT English","3rd Pretest","9"
"3486455","36176","2",,"RCT Math","2nd Pretest","8"
"3486228","36638","Anganwadi Class",,"Anganwadi","Pretest","21"
"3486443","36173","5",,"RCT Math","5th Pretest","6"
"3486193","36612","Anganwadi Class",,"Anganwadi","Pretest","10"
"3486449","36177","1",,"RCT Math","1st Pretest","1"
"3486057","36478","Anganwadi Class",,"Anganwadi","Pretest","29"
"3477218","35879","2",,"RCT English","2nd Pretest","14"
"3477284","35881","4",,"RCT Math","4th Pretest","7"
"3477224","35879","4",,"RCT English","4th Pretest","8"
"3486445","36181","2",,"RCT Math","2nd Pretest","7"
"3477371","35884","3",,"RCT Math","3rd Pretest","5"
"3477128","35876","2",,"RCT English","2nd Pretest","10"
"3486125","36545","Anganwadi Class",,"Anganwadi","Pretest","18"
"3486467","36174","4",,"RCT English","4th Pretest","4"
"3485012","36139","1",,"RCT English","1st Pretest","16"
"3486464","36174","1",,"RCT Math","1st Pretest","1"
"3477137","35876","5",,"RCT Math","5th Pretest","12"
"3477281","35881","3",,"RCT English","3rd Pretest","3"
"3477278","35881","2",,"RCT English","2nd Pretest","7"
"3477362","35884","1",,"RCT English","1st Pretest","7"
"3486431","36172","3",,"RCT English","3rd Pretest","10"
"3486050","36471","Anganwadi Class",,"Anganwadi","Pretest","36"
"3486425","36180","2",,"RCT English","2nd Pretest","8"
"3477212","35879","1",,"RCT English","1st Pretest","13"
"3486417","36178","4",,"RCT Math","4th Pretest","25"
"3486459","36175","1",,"RCT Math","1st Pretest","8"
"3486414","36178","1",,"RCT English","1st Pretest","14"
"3486082","36502","Anganwadi Class",,"Anganwadi","Pretest","18"
"3486426","36180","3",,"RCT Math","3rd Pretest","5"
"3486204","36300","Anganwadi Class",,"Anganwadi","Pretest","30"
"3486420","36182","2",,"RCT English","2nd Pretest","12"
"3486430","36172","2",,"RCT Math","2nd Pretest","5"
"3486461","36175","3",,"RCT English","3rd Pretest","9"
"3486442","36173","4",,"RCT Math","4th Pretest","3"
"3486466","36174","3",,"RCT English","3rd Pretest","2"
"3484961","36137","3",,"RCT English","3rd Pretest","11"
"3486409","36705","1",,"RCT English","1st Pretest","6"
"3486197","36615","Anganwadi Class",,"Anganwadi","Pretest","12"
"3486462","36175","4",,"RCT Math","4th Pretest","8"
"3486232","36644","Anganwadi Class",,"Anganwadi","Pretest","21"
"3486428","36180","5",,"RCT Math","5th Pretest","7"
"3485027","36139","5",,"RCT Math","5th Pretest","28"
"3486059","36480","Anganwadi Class",,"Anganwadi","Pretest","26"
"3486236","36646","Anganwadi Class",,"Anganwadi","Pretest","20"
"3477134","35876","4",,"RCT Math","4th Pretest","7"
"3486234","36645","Anganwadi Class",,"Anganwadi","Pretest","13"
"3484991","36138","3",,"RCT English","3rd Pretest","1"
"3486415","36178","2",,"RCT English","2nd Pretest","20"
"3485012","36139","1",,"RCT Math","1st Pretest","15"
"3486189","36608","Anganwadi Class",,"Anganwadi","Pretest","11"
"3484958","36137","2",,"RCT Math","2nd Pretest","15"
"3486447","36181","4",,"RCT English","4th Pretest","7"
"3477344","35883","4",,"RCT Math","4th Pretest","8"
"3484988","36138","2",,"RCT English","2nd Pretest","4"
"3486419","36182","1",,"RCT English","1st Pretest","11"
"3486226","36636","Anganwadi Class",,"Anganwadi","Pretest","16"
"3484997","36138","5",,"RCT Math","5th Pretest","2"
"3486077","36497","Anganwadi Class",,"Anganwadi","Pretest","22"
"3486450","36177","2",,"RCT Math","2nd Pretest","1"
"3486453","36177","5",,"RCT Math","5th Pretest","7"
"3477341","35883","3",,"RCT Math","3rd Pretest","9"
"3477122","35876","1",,"RCT English","1st Pretest","8"
"3486452","36177","4",,"RCT English","4th Pretest","4"
"3486448","36181","5",,"RCT Math","5th Pretest","7"
"3477221","35879","3",,"RCT Math","3rd Pretest","10"
"3486454","36176","1",,"RCT Math","1st Pretest","3"
"3486457","36176","4",,"RCT English","4th Pretest","9"
"3486411","36705","3",,"RCT Math","3rd Pretest","4"
"3484964","36137","4",,"RCT Math","4th Pretest","11"
"3477374","35884","4",,"RCT Math","4th Pretest","5"
"3484994","36138","4",,"RCT Math","4th Pretest","3"
"3486439","36173","1",,"RCT Math","1st Pretest","3"
"3484952","36137","1",,"RCT English","1st Pretest","9"
"3485021","36139","3",,"RCT English","3rd Pretest","36"
"3486429","36172","1",,"RCT Math","1st Pretest","6"
