"35875","RCT English","1st Pretest","24"
"35875","RCT English","2nd Pretest","24"
"35875","RCT English","3rd Pretest","29"
"35875","RCT English","4th Pretest","37"
"35875","RCT Math","1st Pretest","24"
"35875","RCT Math","2nd Pretest","24"
"35875","RCT Math","3rd Pretest","28"
"35875","RCT Math","4th Pretest","37"
"35875","RCT Math","5th Pretest","26"
"35876","RCT English","1st Pretest","8"
"35876","RCT English","2nd Pretest","10"
"35876","RCT English","3rd Pretest","9"
"35876","RCT English","4th Pretest","7"
"35876","RCT Math","1st Pretest","8"
"35876","RCT Math","2nd Pretest","10"
"35876","RCT Math","3rd Pretest","9"
"35876","RCT Math","4th Pretest","7"
"35876","RCT Math","5th Pretest","12"
"35879","RCT English","1st Pretest","13"
"35879","RCT English","2nd Pretest","14"
"35879","RCT English","3rd Pretest","10"
"35879","RCT English","4th Pretest","8"
"35879","RCT Math","1st Pretest","13"
"35879","RCT Math","2nd Pretest","14"
"35879","RCT Math","3rd Pretest","10"
"35879","RCT Math","4th Pretest","8"
"35879","RCT Math","5th Pretest","14"
"35881","RCT English","1st Pretest","6"
"35881","RCT English","2nd Pretest","7"
"35881","RCT English","3rd Pretest","3"
"35881","RCT English","4th Pretest","7"
"35881","RCT Math","1st Pretest","6"
"35881","RCT Math","2nd Pretest","7"
"35881","RCT Math","3rd Pretest","3"
"35881","RCT Math","4th Pretest","7"
"35882","RCT English","1st Pretest","7"
"35882","RCT English","2nd Pretest","8"
"35882","RCT English","3rd Pretest","9"
"35882","RCT English","4th Pretest","14"
"35882","RCT Math","1st Pretest","7"
"35882","RCT Math","2nd Pretest","8"
"35882","RCT Math","3rd Pretest","9"
"35882","RCT Math","4th Pretest","14"
"35882","RCT Math","5th Pretest","9"
"35883","RCT English","1st Pretest","4"
"35883","RCT English","2nd Pretest","8"
"35883","RCT English","3rd Pretest","9"
"35883","RCT English","4th Pretest","7"
"35883","RCT Math","1st Pretest","4"
"35883","RCT Math","2nd Pretest","8"
"35883","RCT Math","3rd Pretest","9"
"35883","RCT Math","4th Pretest","8"
"35883","RCT Math","5th Pretest","8"
"35884","RCT English","1st Pretest","7"
"35884","RCT English","2nd Pretest","4"
"35884","RCT English","3rd Pretest","5"
"35884","RCT English","4th Pretest","5"
"35884","RCT Math","1st Pretest","7"
"35884","RCT Math","2nd Pretest","4"
"35884","RCT Math","3rd Pretest","5"
"35884","RCT Math","4th Pretest","5"
"35884","RCT Math","5th Pretest","6"
"36137","RCT English","1st Pretest","9"
"36137","RCT English","2nd Pretest","15"
"36137","RCT English","3rd Pretest","11"
"36137","RCT English","4th Pretest","11"
"36137","RCT Math","1st Pretest","9"
"36137","RCT Math","2nd Pretest","15"
"36137","RCT Math","3rd Pretest","11"
"36137","RCT Math","4th Pretest","11"
"36137","RCT Math","5th Pretest","17"
"36138","RCT English","1st Pretest","1"
"36138","RCT English","2nd Pretest","4"
"36138","RCT English","3rd Pretest","1"
"36138","RCT English","4th Pretest","3"
"36138","RCT Math","1st Pretest","1"
"36138","RCT Math","2nd Pretest","4"
"36138","RCT Math","3rd Pretest","1"
"36138","RCT Math","4th Pretest","3"
"36138","RCT Math","5th Pretest","2"
"36139","RCT English","1st Pretest","16"
"36139","RCT English","2nd Pretest","23"
"36139","RCT English","3rd Pretest","36"
"36139","RCT English","4th Pretest","29"
"36139","RCT Math","1st Pretest","15"
"36139","RCT Math","2nd Pretest","23"
"36139","RCT Math","3rd Pretest","36"
"36139","RCT Math","4th Pretest","29"
"36139","RCT Math","5th Pretest","28"
"36172","RCT English","1st Pretest","6"
"36172","RCT English","2nd Pretest","5"
"36172","RCT English","3rd Pretest","10"
"36172","RCT English","4th Pretest","2"
"36172","RCT Math","1st Pretest","6"
"36172","RCT Math","2nd Pretest","5"
"36172","RCT Math","3rd Pretest","10"
"36172","RCT Math","4th Pretest","2"
"36172","RCT Math","5th Pretest","8"
"36173","RCT English","1st Pretest","3"
"36173","RCT English","2nd Pretest","2"
"36173","RCT English","3rd Pretest","2"
"36173","RCT English","4th Pretest","3"
"36173","RCT Math","1st Pretest","3"
"36173","RCT Math","2nd Pretest","2"
"36173","RCT Math","3rd Pretest","2"
"36173","RCT Math","4th Pretest","3"
"36173","RCT Math","5th Pretest","6"
"36174","RCT English","1st Pretest","1"
"36174","RCT English","2nd Pretest","3"
"36174","RCT English","3rd Pretest","2"
"36174","RCT English","4th Pretest","4"
"36174","RCT Math","1st Pretest","1"
"36174","RCT Math","2nd Pretest","3"
"36174","RCT Math","3rd Pretest","2"
"36174","RCT Math","4th Pretest","4"
"36174","RCT Math","5th Pretest","2"
"36175","RCT English","1st Pretest","8"
"36175","RCT English","2nd Pretest","12"
"36175","RCT English","3rd Pretest","9"
"36175","RCT English","4th Pretest","8"
"36175","RCT Math","1st Pretest","8"
"36175","RCT Math","2nd Pretest","12"
"36175","RCT Math","3rd Pretest","9"
"36175","RCT Math","4th Pretest","8"
"36175","RCT Math","5th Pretest","12"
"36176","RCT English","1st Pretest","3"
"36176","RCT English","2nd Pretest","8"
"36176","RCT English","3rd Pretest","10"
"36176","RCT English","4th Pretest","9"
"36176","RCT Math","1st Pretest","3"
"36176","RCT Math","2nd Pretest","8"
"36176","RCT Math","3rd Pretest","10"
"36176","RCT Math","4th Pretest","9"
"36176","RCT Math","5th Pretest","3"
"36177","RCT English","1st Pretest","1"
"36177","RCT English","2nd Pretest","1"
"36177","RCT English","3rd Pretest","1"
"36177","RCT English","4th Pretest","4"
"36177","RCT Math","1st Pretest","1"
"36177","RCT Math","2nd Pretest","1"
"36177","RCT Math","3rd Pretest","1"
"36177","RCT Math","4th Pretest","4"
"36177","RCT Math","5th Pretest","7"
"36178","RCT English","1st Pretest","14"
"36178","RCT English","2nd Pretest","20"
"36178","RCT English","3rd Pretest","23"
"36178","RCT English","4th Pretest","25"
"36178","RCT Math","1st Pretest","14"
"36178","RCT Math","2nd Pretest","20"
"36178","RCT Math","3rd Pretest","23"
"36178","RCT Math","4th Pretest","25"
"36178","RCT Math","5th Pretest","34"
"36180","RCT English","1st Pretest","8"
"36180","RCT English","2nd Pretest","8"
"36180","RCT English","3rd Pretest","5"
"36180","RCT English","4th Pretest","10"
"36180","RCT Math","1st Pretest","8"
"36180","RCT Math","2nd Pretest","8"
"36180","RCT Math","3rd Pretest","5"
"36180","RCT Math","4th Pretest","11"
"36180","RCT Math","5th Pretest","7"
"36181","RCT English","1st Pretest","5"
"36181","RCT English","2nd Pretest","7"
"36181","RCT English","3rd Pretest","4"
"36181","RCT English","4th Pretest","7"
"36181","RCT Math","1st Pretest","5"
"36181","RCT Math","2nd Pretest","7"
"36181","RCT Math","3rd Pretest","4"
"36181","RCT Math","4th Pretest","7"
"36181","RCT Math","5th Pretest","7"
"36182","RCT English","1st Pretest","11"
"36182","RCT English","2nd Pretest","12"
"36182","RCT English","3rd Pretest","11"
"36182","RCT English","4th Pretest","7"
"36182","RCT Math","1st Pretest","11"
"36182","RCT Math","2nd Pretest","12"
"36182","RCT Math","3rd Pretest","11"
"36182","RCT Math","4th Pretest","7"
"36182","RCT Math","5th Pretest","7"
"36300","Anganwadi","Pretest","30"
"36301","Anganwadi","Pretest","13"
"36303","Anganwadi","Pretest","20"
"36307","Anganwadi","Pretest","26"
"36470","Anganwadi","Pretest","33"
"36471","Anganwadi","Pretest","36"
"36473","Anganwadi","Pretest","17"
"36474","Anganwadi","Pretest","20"
"36476","Anganwadi","Pretest","18"
"36478","Anganwadi","Pretest","29"
"36480","Anganwadi","Pretest","26"
"36482","Anganwadi","Pretest","26"
"36485","Anganwadi","Pretest","20"
"36488","Anganwadi","Pretest","22"
"36489","Anganwadi","Pretest","31"
"36492","Anganwadi","Pretest","26"
"36497","Anganwadi","Pretest","22"
"36502","Anganwadi","Pretest","18"
"36503","Anganwadi","Pretest","19"
"36506","Anganwadi","Pretest","17"
"36509","Anganwadi","Pretest","22"
"36512","Anganwadi","Pretest","15"
"36514","Anganwadi","Pretest","35"
"36520","Anganwadi","Pretest","28"
"36521","Anganwadi","Pretest","20"
"36530","Anganwadi","Pretest","20"
"36531","Anganwadi","Pretest","21"
"36533","Anganwadi","Pretest","21"
"36536","Anganwadi","Pretest","20"
"36543","Anganwadi","Pretest","22"
"36545","Anganwadi","Pretest","18"
"36604","Anganwadi","Pretest","20"
"36605","Anganwadi","Pretest","19"
"36607","Anganwadi","Pretest","15"
"36608","Anganwadi","Pretest","11"
"36609","Anganwadi","Pretest","16"
"36610","Anganwadi","Pretest","17"
"36611","Anganwadi","Pretest","25"
"36612","Anganwadi","Pretest","10"
"36613","Anganwadi","Pretest","22"
"36615","Anganwadi","Pretest","12"
"36616","Anganwadi","Pretest","20"
"36617","Anganwadi","Pretest","22"
"36618","Anganwadi","Pretest","19"
"36619","Anganwadi","Pretest","15"
"36620","Anganwadi","Pretest","19"
"36622","Anganwadi","Pretest","14"
"36631","Anganwadi","Pretest","20"
"36634","Anganwadi","Pretest","15"
"36635","Anganwadi","Pretest","15"
"36636","Anganwadi","Pretest","16"
"36637","Anganwadi","Pretest","20"
"36638","Anganwadi","Pretest","21"
"36641","Anganwadi","Pretest","20"
"36644","Anganwadi","Pretest","21"
"36645","Anganwadi","Pretest","13"
"36646","Anganwadi","Pretest","20"
"36705","RCT English","1st Pretest","6"
"36705","RCT English","2nd Pretest","1"
"36705","RCT English","3rd Pretest","4"
"36705","RCT English","4th Pretest","8"
"36705","RCT Math","1st Pretest","6"
"36705","RCT Math","2nd Pretest","1"
"36705","RCT Math","3rd Pretest","4"
"36705","RCT Math","4th Pretest","8"
"36705","RCT Math","5th Pretest","4"
